id,summary,description,fix
JIRA-101,AXI write hang during soft reset,AWVALID toggles when ARESETN asserted mid-burst causing handshake timeout,Added reset synchronizer and masked AWVALID during reset window
JIRA-205,Null pointer in scoreboard compare,Scoreboard dereferences null txn handle on out-of-order response,Guarded compare path and added default init in build_phase
JIRA-330,Coverage hole for burst length,BURST_LEN 16 never hit in constrained random,Adjusted sequence constraints and added directed sequence for len=16
JIRA-404,Protocol violation on read addr channel,ARADDR crosses 4KB boundary without proper alignment,Added SVA to catch boundary and fixed addr alignment in agent
JIRA-550,Deadlock between req and ack,REQ asserted without ACK due to missing ready gating,Added ready gating and handshake timeout monitor
